{
    "A052 - MONTANO ANTILIA": {
        "ACUS": "Ac\u00fastica",
        "ADIN": "Alarme de detec\u00e7\u00e3o de inc\u00eandio",
        "AEXE": "Altera\u00e7\u00f5es para arquitetura executiva",
        "ANCO": "Ancoragem",
        "AQUE": "Aquecimento Solar",
        "ARBO": "Levantamento Arb\u00f3reo",
        "ARQL": "Arquitetura",
        "ASBU": "As built",
        "PVEN": "Planta de vendas",
        "MEMO": "Memoriais",
        "CONT": "Conten\u00e7\u00f5es",
        "FUND": "Funda\u00e7\u00f5es",
        "ASPI": "Aspira\u00e7\u00e3o Central",
        "AUTO": "Automa\u00e7\u00e3o",
        "CANT": "Canteiro de Obras",
        "CESQ": "Consultoria de esquadria",
        "CFHA": "Consultoria de fachada",
        "CHEI": "Estudo de cheia",
        "CLEX": "Exaust\u00e3o\/Ventila\u00e7\u00e3o Mec\u00e2nica",
        "CLIM": "Climatiza\u00e7\u00e3o",
        "COLR": "MARCA\u00c7\u00c3O DE COLARINHO",
        "DECL": "Estudo de declividade",
        "DEMO": "Demoli\u00e7\u00e3o",
        "DETL": "Detalhes Construtivos",
        "DREN": "Drenagem",
        "DRES": "Drenagem subsupercial",
        "DRYW": "Dry-wall",
        "EENE": "Entrada de Energia",
        "ELET": "El\u00e9trica",
        "ELEV": "Elevadores",
        "ENTL": "Engradamento de telhado",
        "ESCO": "Escoramento",
        "ESPE": "Especifica\u00e7\u00f5es",
        "ESTC": "Estruturas de Concreto",
        "ESTM": "Estruturas Metalicas",
        "ESTP": "Estrutura pr\u00e9 moldada de concreto",
        "ETES": "Esta\u00e7\u00e3o de Tratamento de \u00e1gua",
        "EXAU": "Exaust\u00e3o\/Ventila\u00e7\u00e3o Mec\u00e2nica",
        "EXEG": "Executivo garagens",
        "EXAP": "Executivo apartamentos",
        "EXAC": "Executivo \u00e1reas comuns",
        "FACE": "Fachada",
        "FAER": "Fachada aerada",
        "FASE": "FASEAMENTO DE CONSTRU\u00c7\u00c3O",
        "HIDR": "Hidrossanit\u00e1rio",
        "IAGU": "Infraestrutura de \u00e1gua",
        "IAUT": "Infraestrutura de automa\u00e7\u00e3o",
        "IDRE": "Infraestrutura de drenagem",
        "IELE": "Infraestrutura de el\u00e9trica",
        "IESG": "Infraestrutura de esgoto",
        "IGAS": "Infraestrutura de g\u00e1s",
        "ILUP": "Ilumina\u00e7\u00e3o p\u00fablica",
        "IMPE": "Impermeabiliza\u00e7\u00e3o",
        "INCE": "Inc\u00eandio",
        "IRRI": "Irriga\u00e7\u00e3o",
        "ITEL": "Infraestrutura de telecomunica\u00e7\u00f5es",
        "LOCP": "Loca\u00e7\u00e3o",
        "LOTE": "Loteamento",
        "LUMI": "Luminot\u00e9cnica",
        "MBIM": "BIM",
        "PALV": "Pagina\u00e7\u00e3o de alvenaria",
        "PARC": "Parcelamento \/ desmembramento",
        "PATA": "Patamariza\u00e7\u00e3o \/ Estudo de n\u00edveis",
        "PCES": "Esquadria",
        "PIEZ": "Loca\u00e7\u00e3o de piezometros de len\u00e7ol fre\u00e1tico",
        "PISC": "Piscina e Fontes",
        "PLPL": "Planta de plantio",
        "PRES": "Pressuriza\u00e7\u00e3o",
        "PSGI": "Paisagismo",
        "RCAG": "Reservat\u00f3rio Castelo D'\u00e1gua",
        "REME": "Remembramento de terreno",
        "RETI": "Retifica\u00e7\u00e3o de terreno",
        "SDAI": "Sistema de detec\u00e7\u00e3o e alarme de inc\u00eancio",
        "SEGU": "Seguran\u00e7a",
        "SGAS": "G\u00e1s",
        "SIVI": "Sistema Vi\u00e1rio e de Tr\u00e1fego",
        "SNLZ": "Sinaliza\u00e7\u00e3o",
        "SOND": "Sondagens",
        "SONO": "Sonoriza\u00e7\u00e3o",
        "SPDA": "Aterramento\/SPDA",
        "SUPR": "Supress\u00e3o arb\u00f3rea",
        "TELE": "Telecomunica\u00e7\u00f5es",
        "TERR": "Terraplenagem",
        "TOPO": "Topografia",
        "UNIF": "Unifica\u00e7\u00e3o de terreno",
        "URBA": "Urbaniza\u00e7\u00e3o",
        "MODI": null
    },
    "A048 - SKYLINE": {
        "ACUS": "Ac\u00fastica",
        "ADIN": "Alarme de detec\u00e7\u00e3o de inc\u00eandio",
        "AEXE": "Altera\u00e7\u00f5es para arquitetura executiva",
        "ANCO": "Ancoragem",
        "AQUE": "Aquecimento Solar",
        "ARBO": "Levantamento Arb\u00f3reo",
        "ARQL": "Arquitetura",
        "ASBU": "As built",
        "PVEN": "Planta de vendas",
        "MEMO": "Memoriais",
        "CONT": "Conten\u00e7\u00f5es",
        "FUND": "Funda\u00e7\u00f5es",
        "ASPI": "Aspira\u00e7\u00e3o Central",
        "AUTO": "Automa\u00e7\u00e3o",
        "CANT": "Canteiro de Obras",
        "CESQ": "Consultoria de esquadria",
        "CFHA": "Consultoria de fachada",
        "CHEI": "Estudo de cheia",
        "CLEX": "Exaust\u00e3o\/Ventila\u00e7\u00e3o Mec\u00e2nica",
        "CLIM": "Climatiza\u00e7\u00e3o",
        "COLR": "Marca\u00e7\u00e3o",
        "DECL": "Estudo de declividade",
        "DEMO": "Demoli\u00e7\u00e3o",
        "DETL": "Detalhes Construtivos",
        "DREN": "Drenagem",
        "DRES": "Drenagem subsupercial",
        "DRYW": "Dry-wall",
        "EENE": "Entrada de Energia",
        "ELET": "El\u00e9trica",
        "ELEV": "Elevadores",
        "ENTL": "Engradamento de telhado",
        "ESCO": "Escoramento",
        "ESPE": "Especifica\u00e7\u00f5es",
        "ESTC": "Estruturas de Concreto",
        "ESTM": "Estruturas Metalicas",
        "ESTP": "Estrutura pr\u00e9 moldada de concreto",
        "ETES": "Esta\u00e7\u00e3o de Tratamento de \u00e1gua",
        "EXAU": "Exaust\u00e3o\/Ventila\u00e7\u00e3o Mec\u00e2nica",
        "EXEG": "Executivo garagens",
        "EXAP": "Executivo apartamentos",
        "EXAC": "Executivo \u00e1reas comuns",
        "FACE": "Fachada",
        "FAER": "Fachada aerada",
        "FASE": "FASEAMENTO DE CONSTRU\u00c7\u00c3O",
        "HIDR": "Hidrossanit\u00e1rio",
        "IAGU": "Infraestrutura de \u00e1gua",
        "IAUT": "Infraestrutura de automa\u00e7\u00e3o",
        "IDRE": "Infraestrutura de drenagem",
        "IELE": "Infraestrutura de el\u00e9trica",
        "IESG": "Infraestrutura de esgoto",
        "IGAS": "Infraestrutura de g\u00e1s",
        "ILUP": "Ilumina\u00e7\u00e3o p\u00fablica",
        "IMPE": "Impermeabiliza\u00e7\u00e3o",
        "INCE": "Inc\u00eandio",
        "IRRI": "Irriga\u00e7\u00e3o",
        "ITEL": "Infraestrutura de telecomunica\u00e7\u00f5es",
        "LOCP": "Loca\u00e7\u00e3o",
        "LOTE": "Loteamento",
        "LUMI": "Luminot\u00e9cnica",
        "MBIM": "BIM",
        "PALV": "Pagina\u00e7\u00e3o de alvenaria",
        "PARC": "Parcelamento \/ desmembramento",
        "PATA": "Patamariza\u00e7\u00e3o \/ Estudo de n\u00edveis",
        "PCES": "Esquadria",
        "PIEZ": "Loca\u00e7\u00e3o de piezometros de len\u00e7ol fre\u00e1tico",
        "PISC": "Piscina e Fontes",
        "PLPL": "Planta de plantio",
        "PRES": "Pressuriza\u00e7\u00e3o",
        "PSGI": "Paisagismo",
        "RCAG": "Reservat\u00f3rio Castelo D'\u00e1gua",
        "REME": "Remembramento de terreno",
        "RETI": "Retifica\u00e7\u00e3o de terreno",
        "SDAI": "Sistema de detec\u00e7\u00e3o e alarme de inc\u00eancio",
        "SEGU": "Seguran\u00e7a",
        "SGAS": "G\u00e1s",
        "SIVI": "Sistema Vi\u00e1rio e de Tr\u00e1fego",
        "SNLZ": "Sinaliza\u00e7\u00e3o",
        "SOND": "Sondagens",
        "SONO": "Sonoriza\u00e7\u00e3o",
        "SPDA": "Aterramento\/SPDA",
        "SUPR": "Supress\u00e3o arb\u00f3rea",
        "TELE": "Telecomunica\u00e7\u00f5es",
        "TERR": "Terraplenagem",
        "TOPO": "Topografia",
        "UNIF": "Unifica\u00e7\u00e3o de terreno",
        "URBA": "Urbaniza\u00e7\u00e3o",
        "MODI": null
    },
    "A044-LE SOMMET": {
        "ACUS": "Ac\u00fastica",
        "ADIN": "Alarme de detec\u00e7\u00e3o de inc\u00eandio",
        "AEXE": "Altera\u00e7\u00f5es para arquitetura executiva",
        "ANCO": "Ancoragem",
        "AQUE": "Aquecimento Solar",
        "ARBO": "Levantamento Arb\u00f3reo",
        "ARQL": "Arquitetura",
        "ASBU": "As built",
        "PVEN": "Planta de vendas",
        "MEMO": "Memoriais",
        "CONT": "Conten\u00e7\u00f5es",
        "FUND": "Funda\u00e7\u00f5es",
        "ASPI": "Aspira\u00e7\u00e3o Central",
        "AUTO": "Automa\u00e7\u00e3o",
        "CANT": "Canteiro de Obras",
        "CESQ": "Consultoria de esquadria",
        "CFHA": "Consultoria de fachada",
        "CHEI": "Estudo de cheia",
        "CLEX": "Exaust\u00e3o\/Ventila\u00e7\u00e3o Mec\u00e2nica",
        "CLIM": "Climatiza\u00e7\u00e3o",
        "COLR": "Marca\u00e7\u00e3o",
        "DECL": "Estudo de declividade",
        "DEMO": "Demoli\u00e7\u00e3o",
        "DETL": "Detalhes Construtivos",
        "DREN": "Drenagem",
        "DRES": "Drenagem subsupercial",
        "DRYW": "Dry-wall",
        "EENE": "Entrada de Energia",
        "ELET": "El\u00e9trica",
        "ELEV": "Elevadores",
        "ENTL": "Engradamento de telhado",
        "ESCO": "Escoramento",
        "ESPE": "Especifica\u00e7\u00f5es",
        "ESTC": "Estruturas de Concreto",
        "ESTM": "Estruturas Metalicas",
        "ESTP": "Estrutura pr\u00e9 moldada de concreto",
        "ETES": "Esta\u00e7\u00e3o de Tratamento de \u00e1gua",
        "EXAU": "Exaust\u00e3o\/Ventila\u00e7\u00e3o Mec\u00e2nica",
        "EXEG": "Executivo garagens",
        "EXAP": "Executivo apartamentos",
        "EXAC": "Executivo \u00e1reas comuns",
        "FACE": "Fachada",
        "FAER": "Fachada aerada",
        "FASE": "FASEAMENTO DE CONSTRU\u00c7\u00c3O",
        "HIDR": "Hidrossanit\u00e1rio",
        "IAGU": "Infraestrutura de \u00e1gua",
        "IAUT": "Infraestrutura de automa\u00e7\u00e3o",
        "IDRE": "Infraestrutura de drenagem",
        "IELE": "Infraestrutura de el\u00e9trica",
        "IESG": "Infraestrutura de esgoto",
        "IGAS": "Infraestrutura de g\u00e1s",
        "ILUP": "Ilumina\u00e7\u00e3o p\u00fablica",
        "IMPE": "Impermeabiliza\u00e7\u00e3o",
        "INCE": "Inc\u00eandio",
        "IRRI": "Irriga\u00e7\u00e3o",
        "ITEL": "Infraestrutura de telecomunica\u00e7\u00f5es",
        "LOCP": "Loca\u00e7\u00e3o",
        "LOTE": "Loteamento",
        "LUMI": "Luminot\u00e9cnica",
        "MBIM": "BIM",
        "PALV": "Pagina\u00e7\u00e3o de alvenaria",
        "PARC": "Parcelamento \/ desmembramento",
        "PATA": "Patamariza\u00e7\u00e3o \/ Estudo de n\u00edveis",
        "PCES": "Esquadria",
        "PIEZ": "Loca\u00e7\u00e3o de piezometros de len\u00e7ol fre\u00e1tico",
        "PISC": "Piscina e Fontes",
        "PLPL": "Planta de plantio",
        "PRES": "Pressuriza\u00e7\u00e3o",
        "PSGI": "Paisagismo",
        "RCAG": "Reservat\u00f3rio Castelo D'\u00e1gua",
        "REME": "Remembramento de terreno",
        "RETI": "Retifica\u00e7\u00e3o de terreno",
        "SDAI": "Sistema de detec\u00e7\u00e3o e alarme de inc\u00eancio",
        "SEGU": "Seguran\u00e7a",
        "SGAS": "G\u00e1s",
        "SIVI": "Sistema Vi\u00e1rio e de Tr\u00e1fego",
        "SNLZ": "Sinaliza\u00e7\u00e3o",
        "SOND": "Sondagens",
        "SONO": "Sonoriza\u00e7\u00e3o",
        "SPDA": "Aterramento\/SPDA",
        "SUPR": "Supress\u00e3o arb\u00f3rea",
        "TELE": "Telecomunica\u00e7\u00f5es",
        "TERR": "Terraplenagem",
        "TOPO": "Topografia",
        "UNIF": "Unifica\u00e7\u00e3o de terreno",
        "URBA": "Urbaniza\u00e7\u00e3o",
        "MODI": "Modifica\u00e7\u00e3o"
    }
}